config,key,size_bytes,kind,concurrency,upload_ts,event_ts,latency_s,scan_result
concur_burst,gd-bench/737bd8b6/concur_burst/000,5242880,clean,burst,1780483221.853728,1780483223.0,1.146,NO_THREATS_FOUND
concur_burst,gd-bench/737bd8b6/concur_burst/001,5242880,clean,burst,1780483231.124685,1780483232.0,0.875,NO_THREATS_FOUND
concur_burst,gd-bench/737bd8b6/concur_burst/002,5242880,clean,burst,1780483231.2704902,1780483232.0,0.73,NO_THREATS_FOUND
concur_burst,gd-bench/737bd8b6/concur_burst/003,5242880,clean,burst,1780483224.856618,1780483225.0,0.143,NO_THREATS_FOUND
concur_burst,gd-bench/737bd8b6/concur_burst/004,5242880,clean,burst,1780483226.2921169,1780483227.0,0.708,NO_THREATS_FOUND
concur_burst,gd-bench/737bd8b6/concur_burst/005,5242880,clean,burst,1780483229.9141178,1780483230.0,0.086,NO_THREATS_FOUND
concur_burst,gd-bench/737bd8b6/concur_burst/006,5242880,clean,burst,1780483231.922962,1780483233.0,1.077,NO_THREATS_FOUND
concur_burst,gd-bench/737bd8b6/concur_burst/007,5242880,clean,burst,1780483236.279706,1780483237.0,0.72,NO_THREATS_FOUND
concur_burst,gd-bench/737bd8b6/concur_burst/008,5242880,clean,burst,1780483228.654371,1780483230.0,1.346,NO_THREATS_FOUND
concur_burst,gd-bench/737bd8b6/concur_burst/009,5242880,clean,burst,1780483230.323406,1780483231.0,0.677,NO_THREATS_FOUND
concur_burst,gd-bench/737bd8b6/concur_burst/010,5242880,clean,burst,1780483223.40815,1780483224.0,0.592,NO_THREATS_FOUND
concur_burst,gd-bench/737bd8b6/concur_burst/011,5242880,clean,burst,1780483231.295174,1780483232.0,0.705,NO_THREATS_FOUND
concur_burst,gd-bench/737bd8b6/concur_burst/012,5242880,clean,burst,1780483233.720788,1780483235.0,1.279,NO_THREATS_FOUND
concur_burst,gd-bench/737bd8b6/concur_burst/013,5242880,clean,burst,1780483233.369397,1780483234.0,0.631,NO_THREATS_FOUND
concur_burst,gd-bench/737bd8b6/concur_burst/014,5242880,clean,burst,1780483228.693079,1780483230.0,1.307,NO_THREATS_FOUND
size_1KB,gd-bench/737bd8b6/size_1KB/000,1024,clean,sequential,1780483168.8322518,1780483170.0,1.168,NO_THREATS_FOUND
size_1KB,gd-bench/737bd8b6/size_1KB/001,1024,clean,sequential,1780483169.158814,1780483170.0,0.841,NO_THREATS_FOUND
size_1KB,gd-bench/737bd8b6/size_1KB/002,1024,clean,sequential,1780483169.517787,1780483170.0,0.482,NO_THREATS_FOUND
size_1KB,gd-bench/737bd8b6/size_1KB/003,1024,clean,sequential,1780483169.8632991,1780483171.0,1.137,NO_THREATS_FOUND
size_1KB,gd-bench/737bd8b6/size_1KB/004,1024,clean,sequential,1780483170.236234,1780483171.0,0.764,NO_THREATS_FOUND
size_1KB,gd-bench/737bd8b6/size_1KB/005,1024,clean,sequential,1780483170.55667,1780483171.0,0.443,NO_THREATS_FOUND
size_1KB,gd-bench/737bd8b6/size_1KB/006,1024,clean,sequential,1780483170.951466,1780483172.0,1.049,NO_THREATS_FOUND
size_1KB,gd-bench/737bd8b6/size_1KB/007,1024,clean,sequential,1780483171.268702,1780483172.0,0.731,NO_THREATS_FOUND
size_1KB,gd-bench/737bd8b6/size_1KB/008,1024,clean,sequential,1780483171.626666,1780483173.0,1.373,NO_THREATS_FOUND
size_1KB,gd-bench/737bd8b6/size_1KB/009,1024,clean,sequential,1780483171.975469,1780483172.0,0.025,NO_THREATS_FOUND
size_1KB,gd-bench/737bd8b6/size_1KB/010,1024,clean,sequential,1780483172.386397,1780483173.0,0.614,NO_THREATS_FOUND
size_1KB,gd-bench/737bd8b6/size_1KB/011,1024,clean,sequential,1780483172.7960188,1780483173.0,0.204,NO_THREATS_FOUND
size_1KB,gd-bench/737bd8b6/size_1KB/012,1024,clean,sequential,1780483173.162117,1780483174.0,0.838,NO_THREATS_FOUND
size_1KB,gd-bench/737bd8b6/size_1KB/013,1024,clean,sequential,1780483173.512057,1780483174.0,0.488,NO_THREATS_FOUND
size_1KB,gd-bench/737bd8b6/size_1KB/014,1024,clean,sequential,1780483173.833815,1780483174.0,0.166,NO_THREATS_FOUND
size_1MB,gd-bench/737bd8b6/size_1MB/000,1048576,clean,sequential,1780483180.338527,1780483181.0,0.661,NO_THREATS_FOUND
size_1MB,gd-bench/737bd8b6/size_1MB/001,1048576,clean,sequential,1780483181.759634,1780483183.0,1.24,NO_THREATS_FOUND
size_1MB,gd-bench/737bd8b6/size_1MB/002,1048576,clean,sequential,1780483182.323466,1780483183.0,0.677,NO_THREATS_FOUND
size_1MB,gd-bench/737bd8b6/size_1MB/003,1048576,clean,sequential,1780483183.102561,1780483184.0,0.897,NO_THREATS_FOUND
size_1MB,gd-bench/737bd8b6/size_1MB/004,1048576,clean,sequential,1780483183.652402,1780483184.0,0.348,NO_THREATS_FOUND
size_1MB,gd-bench/737bd8b6/size_1MB/005,1048576,clean,sequential,1780483184.197718,1780483185.0,0.802,NO_THREATS_FOUND
size_1MB,gd-bench/737bd8b6/size_1MB/006,1048576,clean,sequential,1780483184.7413702,1780483185.0,0.259,NO_THREATS_FOUND
size_1MB,gd-bench/737bd8b6/size_1MB/007,1048576,clean,sequential,1780483185.27876,1780483186.0,0.721,NO_THREATS_FOUND
size_1MB,gd-bench/737bd8b6/size_1MB/008,1048576,clean,sequential,1780483185.8164248,1780483187.0,1.184,NO_THREATS_FOUND
size_1MB,gd-bench/737bd8b6/size_1MB/009,1048576,clean,sequential,1780483186.349511,1780483187.0,0.65,NO_THREATS_FOUND
size_1MB,gd-bench/737bd8b6/size_1MB/010,1048576,clean,sequential,1780483186.882494,1780483188.0,1.118,NO_THREATS_FOUND
size_1MB,gd-bench/737bd8b6/size_1MB/011,1048576,clean,sequential,1780483187.417304,1780483188.0,0.583,NO_THREATS_FOUND
size_1MB,gd-bench/737bd8b6/size_1MB/012,1048576,clean,sequential,1780483187.9553761,1780483189.0,1.045,NO_THREATS_FOUND
size_1MB,gd-bench/737bd8b6/size_1MB/013,1048576,clean,sequential,1780483188.489826,1780483189.0,0.51,NO_THREATS_FOUND
size_1MB,gd-bench/737bd8b6/size_1MB/014,1048576,clean,sequential,1780483189.0207858,1780483190.0,0.979,NO_THREATS_FOUND
size_256KB,gd-bench/737bd8b6/size_256KB/000,262144,clean,sequential,1780483174.497232,1780483175.0,0.503,NO_THREATS_FOUND
size_256KB,gd-bench/737bd8b6/size_256KB/001,262144,clean,sequential,1780483174.968847,1780483176.0,1.031,NO_THREATS_FOUND
size_256KB,gd-bench/737bd8b6/size_256KB/002,262144,clean,sequential,1780483175.343341,1780483176.0,0.657,NO_THREATS_FOUND
size_256KB,gd-bench/737bd8b6/size_256KB/003,262144,clean,sequential,1780483175.700165,1780483177.0,1.3,NO_THREATS_FOUND
size_256KB,gd-bench/737bd8b6/size_256KB/004,262144,clean,sequential,1780483176.0662751,1780483177.0,0.934,NO_THREATS_FOUND
size_256KB,gd-bench/737bd8b6/size_256KB/005,262144,clean,sequential,1780483176.435787,1780483177.0,0.564,NO_THREATS_FOUND
size_256KB,gd-bench/737bd8b6/size_256KB/006,262144,clean,sequential,1780483176.798626,1780483178.0,1.201,NO_THREATS_FOUND
size_256KB,gd-bench/737bd8b6/size_256KB/007,262144,clean,sequential,1780483177.1580439,1780483178.0,0.842,NO_THREATS_FOUND
size_256KB,gd-bench/737bd8b6/size_256KB/008,262144,clean,sequential,1780483177.517123,1780483178.0,0.483,NO_THREATS_FOUND
size_256KB,gd-bench/737bd8b6/size_256KB/009,262144,clean,sequential,1780483177.875467,1780483178.0,0.125,NO_THREATS_FOUND
size_256KB,gd-bench/737bd8b6/size_256KB/010,262144,clean,sequential,1780483178.232557,1780483179.0,0.767,NO_THREATS_FOUND
size_256KB,gd-bench/737bd8b6/size_256KB/011,262144,clean,sequential,1780483178.589392,1780483179.0,0.411,NO_THREATS_FOUND
size_256KB,gd-bench/737bd8b6/size_256KB/012,262144,clean,sequential,1780483178.95119,1780483179.0,0.049,NO_THREATS_FOUND
size_256KB,gd-bench/737bd8b6/size_256KB/013,262144,clean,sequential,1780483179.308067,1780483180.0,0.692,NO_THREATS_FOUND
size_256KB,gd-bench/737bd8b6/size_256KB/014,262144,clean,sequential,1780483179.667985,1780483180.0,0.332,NO_THREATS_FOUND
size_5MB,gd-bench/737bd8b6/size_5MB/000,5242880,clean,sequential,1780483190.5402088,1780483191.0,0.46,NO_THREATS_FOUND
size_5MB,gd-bench/737bd8b6/size_5MB/001,5242880,clean,sequential,1780483192.021179,1780483193.0,0.979,NO_THREATS_FOUND
size_5MB,gd-bench/737bd8b6/size_5MB/002,5242880,clean,sequential,1780483193.460039,1780483194.0,0.54,NO_THREATS_FOUND
size_5MB,gd-bench/737bd8b6/size_5MB/003,5242880,clean,sequential,1780483194.8336241,1780483195.0,0.166,NO_THREATS_FOUND
size_5MB,gd-bench/737bd8b6/size_5MB/004,5242880,clean,sequential,1780483196.0986938,1780483197.0,0.901,NO_THREATS_FOUND
size_5MB,gd-bench/737bd8b6/size_5MB/005,5242880,clean,sequential,1780483197.2767732,1780483198.0,0.723,NO_THREATS_FOUND
size_5MB,gd-bench/737bd8b6/size_5MB/006,5242880,clean,sequential,1780483198.584954,1780483199.0,0.415,NO_THREATS_FOUND
size_5MB,gd-bench/737bd8b6/size_5MB/007,5242880,clean,sequential,1780483200.150522,1780483201.0,0.849,NO_THREATS_FOUND
size_5MB,gd-bench/737bd8b6/size_5MB/008,5242880,clean,sequential,1780483201.678656,1780483202.0,0.321,NO_THREATS_FOUND
size_5MB,gd-bench/737bd8b6/size_5MB/009,5242880,clean,sequential,1780483203.1241448,1780483204.0,0.876,NO_THREATS_FOUND
size_5MB,gd-bench/737bd8b6/size_5MB/010,5242880,clean,sequential,1780483204.5582469,1780483205.0,0.442,NO_THREATS_FOUND
size_5MB,gd-bench/737bd8b6/size_5MB/011,5242880,clean,sequential,1780483205.980923,1780483206.0,0.019,NO_THREATS_FOUND
size_5MB,gd-bench/737bd8b6/size_5MB/012,5242880,clean,sequential,1780483207.407647,1780483208.0,0.592,NO_THREATS_FOUND
size_5MB,gd-bench/737bd8b6/size_5MB/013,5242880,clean,sequential,1780483208.8166988,1780483209.0,0.183,NO_THREATS_FOUND
size_5MB,gd-bench/737bd8b6/size_5MB/014,5242880,clean,sequential,1780483210.190448,1780483211.0,0.81,NO_THREATS_FOUND
type_eicar,gd-bench/737bd8b6/type_eicar/000,68,eicar,sequential,1780483215.941431,1780483217.0,1.059,THREATS_FOUND
type_eicar,gd-bench/737bd8b6/type_eicar/001,68,eicar,sequential,1780483216.2581272,1780483217.0,0.742,THREATS_FOUND
type_eicar,gd-bench/737bd8b6/type_eicar/002,68,eicar,sequential,1780483216.5687711,1780483218.0,1.431,THREATS_FOUND
type_eicar,gd-bench/737bd8b6/type_eicar/003,68,eicar,sequential,1780483216.9297888,1780483218.0,1.07,THREATS_FOUND
type_eicar,gd-bench/737bd8b6/type_eicar/004,68,eicar,sequential,1780483217.244401,1780483218.0,0.756,THREATS_FOUND
type_eicar,gd-bench/737bd8b6/type_eicar/005,68,eicar,sequential,1780483217.647991,1780483219.0,1.352,THREATS_FOUND
type_eicar,gd-bench/737bd8b6/type_eicar/006,68,eicar,sequential,1780483217.9606972,1780483219.0,1.039,THREATS_FOUND
type_eicar,gd-bench/737bd8b6/type_eicar/007,68,eicar,sequential,1780483218.311442,1780483219.0,0.689,THREATS_FOUND
type_eicar,gd-bench/737bd8b6/type_eicar/008,68,eicar,sequential,1780483218.623447,1780483219.0,0.377,THREATS_FOUND
type_eicar,gd-bench/737bd8b6/type_eicar/009,68,eicar,sequential,1780483218.937845,1780483219.0,0.062,THREATS_FOUND
type_eicar,gd-bench/737bd8b6/type_eicar/010,68,eicar,sequential,1780483219.254076,1780483220.0,0.746,THREATS_FOUND
type_eicar,gd-bench/737bd8b6/type_eicar/011,68,eicar,sequential,1780483219.59265,1780483220.0,0.407,THREATS_FOUND
type_eicar,gd-bench/737bd8b6/type_eicar/012,68,eicar,sequential,1780483219.905581,1780483220.0,0.094,THREATS_FOUND
type_eicar,gd-bench/737bd8b6/type_eicar/013,68,eicar,sequential,1780483220.218472,1780483221.0,0.782,THREATS_FOUND
type_eicar,gd-bench/737bd8b6/type_eicar/014,68,eicar,sequential,1780483220.536224,1780483221.0,0.464,THREATS_FOUND
type_zip,gd-bench/737bd8b6/type_zip/000,5242880,zip,sequential,1780483210.531574,1780483211.0,0.468,NO_THREATS_FOUND
type_zip,gd-bench/737bd8b6/type_zip/001,5242880,zip,sequential,1780483210.9469209,1780483212.0,1.053,NO_THREATS_FOUND
type_zip,gd-bench/737bd8b6/type_zip/002,5242880,zip,sequential,1780483211.281715,1780483212.0,0.718,NO_THREATS_FOUND
type_zip,gd-bench/737bd8b6/type_zip/003,5242880,zip,sequential,1780483211.615284,1780483213.0,1.385,NO_THREATS_FOUND
type_zip,gd-bench/737bd8b6/type_zip/004,5242880,zip,sequential,1780483211.9725282,1780483213.0,1.027,NO_THREATS_FOUND
type_zip,gd-bench/737bd8b6/type_zip/005,5242880,zip,sequential,1780483212.386366,1780483213.0,0.614,NO_THREATS_FOUND
type_zip,gd-bench/737bd8b6/type_zip/006,5242880,zip,sequential,1780483212.7233632,1780483213.0,0.277,NO_THREATS_FOUND
type_zip,gd-bench/737bd8b6/type_zip/007,5242880,zip,sequential,1780483213.062489,1780483213.0,0.062,NO_THREATS_FOUND
type_zip,gd-bench/737bd8b6/type_zip/008,5242880,zip,sequential,1780483213.508867,1780483214.0,0.491,NO_THREATS_FOUND
type_zip,gd-bench/737bd8b6/type_zip/009,5242880,zip,sequential,1780483213.851887,1780483214.0,0.148,NO_THREATS_FOUND
type_zip,gd-bench/737bd8b6/type_zip/010,5242880,zip,sequential,1780483214.226509,1780483215.0,0.773,NO_THREATS_FOUND
type_zip,gd-bench/737bd8b6/type_zip/011,5242880,zip,sequential,1780483214.564524,1780483215.0,0.435,NO_THREATS_FOUND
type_zip,gd-bench/737bd8b6/type_zip/012,5242880,zip,sequential,1780483214.9004219,1780483216.0,1.1,NO_THREATS_FOUND
type_zip,gd-bench/737bd8b6/type_zip/013,5242880,zip,sequential,1780483215.2371871,1780483216.0,0.763,NO_THREATS_FOUND
type_zip,gd-bench/737bd8b6/type_zip/014,5242880,zip,sequential,1780483215.6173089,1780483216.0,0.383,NO_THREATS_FOUND
